{"initial_reset_timestamp": 1669102611.762899, "timestamps": [1669102612.769664, 1669102612.8344328, 1669102612.8445404, 1669102612.859326, 1669102612.864092, 1669102612.8840113, 1669102612.8957849, 1669102613.2189934, 1669102613.2870238, 1669102613.297042, 1669102613.3109932, 1669102613.3169336, 1669102613.325804, 1669102613.3376625, 1669102613.3466215, 1669102613.3554957, 1669102613.3684773, 1669102613.3809125, 1669102613.3897893, 1669102613.4010212, 1669102613.414602, 1669102613.4340062, 1669102613.4411345, 1669102613.454659, 1669102613.468898, 1669102613.4936252, 1669102613.8834286, 1669102613.960069, 1669102613.9706883, 1669102613.9819536, 1669102613.990624, 1669102613.999532, 1669102614.004939, 1669102614.0167127, 1669102614.025568, 1669102614.0426283, 1669102614.0520866, 1669102614.061583, 1669102614.0799646, 1669102614.093575, 1669102614.107145, 1669102614.1213374, 1669102614.1284938, 1669102614.1409743, 1669102614.1504095, 1669102614.1603928, 1669102614.1680896, 1669102614.1840534, 1669102614.1930046, 1669102614.2125344, 1669102614.2223864, 1669102614.2406335, 1669102614.249512, 1669102614.2724462, 1669102614.2795527, 1669102614.299564, 1669102614.3108222, 1669102614.3184676, 1669102614.3266907, 1669102614.353183, 1669102614.3649285, 1669102614.372049, 1669102614.3837917, 1669102615.1337714, 1669102615.2095237, 1669102615.2289367, 1669102615.2377937, 1669102615.2448437, 1669102615.2525353, 1669102615.2584558, 1669102615.2682648, 1669102615.2759097, 1669102615.296515, 1669102615.3059728, 1669102615.351396, 1669102615.3626418, 1669102615.378069, 1669102615.3892317, 1669102615.4164772, 1669102615.426506, 1669102615.4319613, 1669102615.4379272, 1669102615.4479232, 1669102615.4731922, 1669102615.4805484, 1669102615.4899964, 1669102615.5031948, 1669102615.5167816, 1669102615.53325, 1669102615.5450647, 1669102615.5588052, 1669102615.575337, 1669102615.5864904, 1669102615.6165566, 1669102615.6366754, 1669102615.6490579, 1669102615.6654437, 1669102615.674386, 1669102615.6879716, 1669102615.699896, 1669102615.7082496, 1669102615.7254543, 1669102615.7460988, 1669102615.7535665, 1669102615.7667055, 1669102615.7755737, 1669102615.7938983, 1669102615.8075154, 1669102615.832437, 1669102615.8389149, 1669102615.8603296, 1669102615.8680632, 1669102615.8752186, 1669102615.886392, 1669102615.8946717, 1669102615.9074576, 1669102615.9187782, 1669102615.936641, 1669102615.9683828, 1669102615.985992, 1669102616.0024981, 1669102616.01028, 1669102616.0214772, 1669102616.0337737, 1669102617.4001145, 1669102617.5017335, 1669102617.5130115, 1669102617.528533, 1669102617.5409741, 1669102617.5612063, 1669102617.5698545, 1669102617.578242, 1669102617.5877264, 1669102617.593715, 1669102617.605023, 1669102617.6104326, 1669102617.6200686, 1669102617.6341841, 1669102617.6530652, 1669102617.6590002, 1669102617.671354, 1669102617.690441, 1669102617.706656, 1669102617.730373, 1669102617.7400098, 1669102617.758402, 1669102617.783749, 1669102617.7914927, 1669102617.834927, 1669102617.8515427, 1669102617.8798084, 1669102617.8875139, 1669102617.8971777, 1669102617.908536, 1669102617.915641, 1669102617.9251993, 1669102617.945461, 1669102617.9918025, 1669102618.0055933, 1669102618.0180068, 1669102618.0251615, 1669102618.0393252, 1669102618.0572, 1669102618.0855048, 1669102618.094981, 1669102618.1216998, 1669102618.143236, 1669102618.1721427, 1669102618.2084265, 1669102618.2369068, 1669102618.2561083, 1669102618.2728913, 1669102618.2867055, 1669102618.295516, 1669102618.3156772, 1669102618.3229144, 1669102618.3611636, 1669102618.379494, 1669102618.416959, 1669102618.4333904, 1669102618.458196, 1669102618.4715722, 1669102618.4863915, 1669102618.4988866, 1669102618.515112, 1669102618.5211363, 1669102618.555525, 1669102618.5789812, 1669102618.5903127, 1669102618.5992677, 1669102618.616147, 1669102618.6274843, 1669102618.6489942, 1669102618.659787, 1669102618.6849704, 1669102618.6987517, 1669102618.704655, 1669102618.7262254, 1669102618.738239, 1669102618.7476902, 1669102618.760856, 1669102618.7829514, 1669102618.81355, 1669102618.825586, 1669102618.8586447, 1669102618.87227, 1669102618.8817103, 1669102618.925799, 1669102618.9591305, 1669102618.9698775, 1669102618.9986506, 1669102619.0230134, 1669102619.0427313, 1669102619.0594068, 1669102619.0918612, 1669102620.4336524, 1669102620.5387177, 1669102620.572124, 1669102620.5997, 1669102620.6152904, 1669102620.6322994, 1669102620.659373, 1669102620.705846, 1669102620.7154052, 1669102620.7291958, 1669102620.7602217, 1669102620.7729838, 1669102620.7838206, 1669102620.799429, 1669102620.8132343, 1669102620.828688, 1669102620.8423982, 1669102620.8681533, 1669102620.8826694, 1669102620.8940454, 1669102620.9158216, 1669102620.9457958, 1669102620.9649863, 1669102620.9879992, 1669102621.0017455, 1669102621.0403209, 1669102621.0575166, 1669102621.131686, 1669102621.1667337, 1669102621.1994836, 1669102621.2264063, 1669102621.2517788, 1669102621.2895532, 1669102621.3068879, 1669102621.3348546, 1669102621.3642938, 1669102621.3845086, 1669102621.4281075, 1669102621.450284, 1669102621.4754, 1669102621.509756, 1669102621.5371761, 1669102621.5464523, 1669102621.5920591, 1669102621.6082747, 1669102621.6222436, 1669102621.6414363, 1669102621.671613, 1669102621.6963644, 1669102621.7060366, 1669102621.7470436, 1669102621.771671, 1669102621.7984397, 1669102621.8109107, 1669102621.8241916, 1669102621.832955, 1669102621.8684173, 1669102621.882202, 1669102621.9114525, 1669102621.9348145, 1669102621.9503322, 1669102621.9876792, 1669102622.020207, 1669102622.0306377, 1669102622.0432634, 1669102622.049537, 1669102622.0711737, 1669102622.097619, 1669102622.1060193, 1669102622.1350498, 1669102622.1933904, 1669102622.224932, 1669102622.2488286, 1669102622.2678068, 1669102622.2738376, 1669102622.3016615, 1669102622.4139364, 1669102622.4516206, 1669102622.482338, 1669102622.493218, 1669102622.5015924, 1669102622.5144472, 1669102622.5344245, 1669102622.5736458, 1669102622.5946386, 1669102622.6092415, 1669102622.6194882, 1669102622.6745996, 1669102622.7113533, 1669102622.731232, 1669102622.7736971, 1669102622.8010798, 1669102622.8264434, 1669102622.8623915, 1669102622.9219344, 1669102622.9337177, 1669102622.947528, 1669102623.039538, 1669102623.079981, 1669102623.1003215, 1669102623.1346877, 1669102623.156052, 1669102623.1953099, 1669102623.27015, 1669102623.2808735, 1669102623.2875612, 1669102623.3105614, 1669102623.333437, 1669102623.3576612, 1669102623.4279652, 1669102623.5167985, 1669102623.5546887, 1669102623.622015, 1669102623.7335434, 1669102623.7769558, 1669102623.7942386, 1669102623.806966, 1669102623.8633707, 1669102623.8801396, 1669102623.8916361, 1669102623.9881299, 1669102624.0551343, 1669102624.1196694, 1669102624.1706407, 1669102624.2562943, 1669102624.2943447, 1669102624.342016, 1669102625.385357, 1669102625.4607415, 1669102625.4896083, 1669102625.5385594, 1669102625.5527425, 1669102625.5924892, 1669102625.63324, 1669102625.725814, 1669102625.7499154, 1669102625.7939217, 1669102625.8794885, 1669102625.9254718, 1669102625.9514093, 1669102626.062635, 1669102626.1524124, 1669102626.2635121, 1669102626.3526158, 1669102626.3896189, 1669102626.4346857, 1669102626.4420276, 1669102626.5013812, 1669102626.5800815, 1669102626.8261955, 1669102626.9483678, 1669102627.0309741, 1669102627.0804129, 1669102627.2903378, 1669102627.3100612, 1669102627.3438876, 1669102627.4102747, 1669102627.4170063, 1669102627.5449386, 1669102627.5571685, 1669102627.5809507, 1669102627.588979, 1669102627.6602254, 1669102627.7076535, 1669102627.7880354, 1669102627.8721633, 1669102627.9618483, 1669102627.9685483, 1669102628.097799, 1669102628.1293921, 1669102628.203859, 1669102628.4102178, 1669102628.5449243, 1669102628.7427561, 1669102628.784871, 1669102628.8900769, 1669102629.056069, 1669102629.0621858, 1669102629.1639624, 1669102629.2422924, 1669102629.325496, 1669102629.4109652, 1669102629.527456, 1669102629.6271996, 1669102629.64872, 1669102629.9566085, 1669102630.206115, 1669102630.358168, 